{
  "config": {
    "run_name": "exp1_3_L4_K64-128",
    "out_dir": "./results",
    "seed": 42,
    "device": null,
    "bs_train": 50,
    "bs_test": 12,
    "batches": 10,
    "epochs": 10,
    "early_stopping": 5,
    "checkpoints": null,
    "lr": 0.001,
    "reg": 0.001,
    "filters_per_layer": [
      64,
      128
    ],
    "layers_per_block": 4,
    "pool_every": 2,
    "hidden_dims": [
      100,
      100
    ],
    "model_type": "cnn",
    "kw": {
      "activation_type": "lrelu",
      "activation_params": {
        "negative_slope": 0.1
      },
      "pooling_type": "max",
      "pooling_params": {
        "kernel_size": 2
      },
      "conv_params": {
        "kernel_size": 3,
        "padding": 1,
        "stride": 1
      }
    }
  },
  "results": {
    "num_epochs": 10,
    "train_loss": [
      1.675283894598484,
      1.0688362352848053,
      0.7912254444360733,
      0.633035170763731,
      0.5210620492100716,
      0.4382017642185092,
      0.36787588234618307,
      0.3148528566993773,
      0.2730130824185908,
      0.24138283237256108
    ],
    "train_acc": [
      38.748,
      65.238,
      76.12,
      82.022,
      86.286,
      89.318,
      91.84,
      93.67,
      95.01,
      96.13
    ],
    "test_loss": [
      1.312335353818157,
      0.92001340965287,
      0.8486026379523232,
      0.7783303885481698,
      0.630158180268191,
      0.6297694580390496,
      0.6252204777898459,
      0.6461495218817502,
      0.6617252701643309,
      0.7782878487301673
    ],
    "test_acc": [
      51.36,
      68.0,
      70.46,
      73.74,
      79.02,
      79.36,
      80.94,
      80.19,
      80.04,
      78.76
    ]
  }
}