{
  "config": {
    "run_name": "exp1_1_L6_K64",
    "out_dir": "./results",
    "seed": 42,
    "device": null,
    "bs_train": 50,
    "bs_test": 12,
    "batches": 10,
    "epochs": 5,
    "early_stopping": 5,
    "checkpoints": null,
    "lr": 0.001,
    "reg": 0.0005,
    "filters_per_layer": [
      64
    ],
    "layers_per_block": 6,
    "pool_every": 4,
    "hidden_dims": [
      100
    ],
    "model_type": "cnn",
    "kw": {
      "activation_type": "lrelu",
      "activation_params": {
        "negative_slope": 0.1
      },
      "pooling_type": "max",
      "pooling_params": {
        "kernel_size": 2
      },
      "conv_params": {
        "kernel_size": 3,
        "padding": 1,
        "stride": 1
      }
    }
  },
  "results": {
    "num_epochs": 5,
    "train_loss": [
      1.4509668267369271,
      0.8546900126636028,
      0.6374147717505694,
      0.48569276130199435,
      0.3576438450589776
    ],
    "train_acc": [
      50.076,
      73.636,
      81.58,
      87.552,
      92.454
    ],
    "test_loss": [
      1.0439885570812855,
      0.7702324094174863,
      0.7534190262589666,
      0.7640032217317491,
      0.8400375119542225
    ],
    "test_acc": [
      62.68,
      72.96,
      73.95,
      75.11,
      75.3
    ]
  }
}