{
  "config": {
    "run_name": "exp1_4_L8_K32",
    "out_dir": "./results",
    "seed": 42,
    "device": null,
    "bs_train": 50,
    "bs_test": 12,
    "batches": 10,
    "epochs": 15,
    "early_stopping": 5,
    "checkpoints": null,
    "lr": 0.0001,
    "reg": 0.0005,
    "filters_per_layer": [
      32
    ],
    "layers_per_block": 8,
    "pool_every": 8,
    "hidden_dims": [
      100
    ],
    "model_type": "resnet",
    "kw": {
      "activation_type": "lrelu",
      "activation_params": {
        "negative_slope": 0.1
      },
      "pooling_type": "max",
      "pooling_params": {
        "kernel_size": 2
      },
      "dropout": 0.2,
      "batchnorm": true,
      "bottleneck": true
    }
  },
  "results": {
    "num_epochs": 15,
    "train_loss": [
      1.731873147726059,
      1.4628455600738526,
      1.3280791954994202,
      1.1960365453362465,
      1.098041967511177,
      1.021904389321804,
      0.9655456426739693,
      0.9076055818796158,
      0.8598899165689945,
      0.8157040195167065,
      0.7687246198952198,
      0.7301283409595489,
      0.6896435445845127,
      0.6470616997182369,
      0.6106734046041965
    ],
    "train_acc": [
      38.278,
      48.138,
      52.93,
      58.466,
      61.676,
      64.674,
      66.832,
      69.052,
      70.5,
      72.212,
      73.728,
      75.54,
      76.864,
      78.194,
      79.718
    ],
    "test_loss": [
      1.5325597317384587,
      1.3938335570500051,
      1.1821305593498033,
      1.110909635964915,
      1.0288881102768923,
      1.0023042968780302,
      0.980347874648065,
      0.953497256476173,
      0.9287036461375957,
      0.9315508017785472,
      0.9147208541077818,
      0.9095362608166907,
      0.9384729411694215,
      0.911834728924169,
      0.933224063080778
    ],
    "test_acc": [
      43.65,
      50.51,
      57.46,
      60.39,
      63.35,
      64.68,
      65.68,
      66.99,
      67.96,
      67.86,
      68.56,
      68.92,
      68.67,
      69.57,
      69.96
    ]
  }
}