{
  "config": {
    "run_name": "exp1_2_L8_K128",
    "out_dir": "./results",
    "seed": 42,
    "device": null,
    "bs_train": 50,
    "bs_test": 12,
    "batches": 10,
    "epochs": 10,
    "early_stopping": 5,
    "checkpoints": null,
    "lr": 0.001,
    "reg": 0.0005,
    "filters_per_layer": [
      128
    ],
    "layers_per_block": 8,
    "pool_every": 2,
    "hidden_dims": [
      100
    ],
    "model_type": "cnn",
    "kw": {
      "activation_type": "lrelu",
      "activation_params": {
        "negative_slope": 0.1
      },
      "pooling_type": "max",
      "pooling_params": {
        "kernel_size": 2
      },
      "conv_params": {
        "kernel_size": 3,
        "padding": 1,
        "stride": 1
      }
    }
  },
  "results": {
    "num_epochs": 10,
    "train_loss": [
      1.6032970002889633,
      0.9958741084337235,
      0.7320186228752136,
      0.5878631875365973,
      0.4927541688531637,
      0.41645869916677475,
      0.3623777741380036,
      0.310851448610425,
      0.27915477734804156,
      0.25340440475940706
    ],
    "train_acc": [
      42.648,
      68.844,
      79.162,
      84.492,
      88.136,
      90.906,
      92.878,
      94.604,
      95.754,
      96.554
    ],
    "test_loss": [
      1.1584186077260856,
      0.8383439079784661,
      0.6909732949882031,
      0.7211396507963502,
      0.6375699178215196,
      0.650395758713571,
      0.626486091068287,
      0.6517062141422943,
      0.6262146886644719,
      0.6963592616520706
    ],
    "test_acc": [
      58.19,
      70.85,
      76.78,
      76.51,
      79.42,
      79.99,
      80.09,
      81.02,
      81.76,
      80.03
    ]
  }
}