{
  "config": {
    "run_name": "exp1_2_L8_K32",
    "out_dir": "./results",
    "seed": 42,
    "device": null,
    "bs_train": 50,
    "bs_test": 12,
    "batches": 10,
    "epochs": 10,
    "early_stopping": 5,
    "checkpoints": null,
    "lr": 0.001,
    "reg": 0.0005,
    "filters_per_layer": [
      32
    ],
    "layers_per_block": 8,
    "pool_every": 2,
    "hidden_dims": [
      100
    ],
    "model_type": "cnn",
    "kw": {
      "activation_type": "lrelu",
      "activation_params": {
        "negative_slope": 0.1
      },
      "pooling_type": "max",
      "pooling_params": {
        "kernel_size": 2
      },
      "conv_params": {
        "kernel_size": 3,
        "padding": 1,
        "stride": 1
      }
    }
  },
  "results": {
    "num_epochs": 10,
    "train_loss": [
      1.7139465709924697,
      1.2585903167128563,
      1.0370084018707275,
      0.8943195499181747,
      0.7830260480344295,
      0.7088843721151352,
      0.6486421248614788,
      0.599233818858862,
      0.5528087259083986,
      0.5145589711815118
    ],
    "train_acc": [
      36.526,
      55.574,
      64.74,
      70.434,
      74.562,
      77.418,
      79.466,
      81.62,
      82.98,
      84.378
    ],
    "test_loss": [
      1.3980105492851431,
      1.141306424598328,
      0.979903010119923,
      0.8707208709536697,
      0.8295961365067988,
      0.7862220889748001,
      0.7704941260157158,
      0.7101095345952242,
      0.7342027082360334,
      0.7780563796734173
    ],
    "test_acc": [
      48.71,
      59.0,
      65.69,
      68.96,
      71.22,
      73.05,
      73.16,
      75.69,
      75.3,
      74.87
    ]
  }
}