{
  "config": {
    "run_name": "exp1_1_L4_K64",
    "out_dir": "./results",
    "seed": 42,
    "device": null,
    "bs_train": 50,
    "bs_test": 12,
    "batches": 10,
    "epochs": 5,
    "early_stopping": 5,
    "checkpoints": null,
    "lr": 0.001,
    "reg": 0.0005,
    "filters_per_layer": [
      64
    ],
    "layers_per_block": 4,
    "pool_every": 4,
    "hidden_dims": [
      100
    ],
    "model_type": "cnn",
    "kw": {
      "activation_type": "lrelu",
      "activation_params": {
        "negative_slope": 0.1
      },
      "pooling_type": "max",
      "pooling_params": {
        "kernel_size": 2
      },
      "conv_params": {
        "kernel_size": 3,
        "padding": 1,
        "stride": 1
      }
    }
  },
  "results": {
    "num_epochs": 5,
    "train_loss": [
      1.3541318079233169,
      0.8684493093490601,
      0.631541134595871,
      0.4263055342361331,
      0.2665494933873415
    ],
    "train_acc": [
      54.236,
      72.856,
      82.088,
      90.06,
      95.574
    ],
    "test_loss": [
      1.0347872666782327,
      0.9111026571326547,
      0.8831930991610606,
      0.9206696856360462,
      1.1955132736334224
    ],
    "test_acc": [
      63.02,
      68.35,
      70.83,
      71.47,
      70.92
    ]
  }
}