{
  "config": {
    "run_name": "exp1_1_L16_K64",
    "out_dir": "./results",
    "seed": 42,
    "device": null,
    "bs_train": 50,
    "bs_test": 12,
    "batches": 10,
    "epochs": 5,
    "early_stopping": 5,
    "checkpoints": null,
    "lr": 0.001,
    "reg": 0.0005,
    "filters_per_layer": [
      64
    ],
    "layers_per_block": 16,
    "pool_every": 4,
    "hidden_dims": [
      100
    ],
    "model_type": "cnn",
    "kw": {
      "activation_type": "lrelu",
      "activation_params": {
        "negative_slope": 0.1
      },
      "pooling_type": "max",
      "pooling_params": {
        "kernel_size": 2
      },
      "conv_params": {
        "kernel_size": 3,
        "padding": 1,
        "stride": 1
      }
    }
  },
  "results": {
    "num_epochs": 5,
    "train_loss": [
      2.3064825575351717,
      248.59646921169758,
      2.3137999770641327,
      2.2354071687459944,
      2.155065054178238
    ],
    "train_acc": [
      10.608,
      13.604,
      14.118,
      15.968,
      17.882
    ],
    "test_loss": [
      2.3018654499122566,
      2.361801525671705,
      2.2580381721901377,
      2.179669342881484,
      2.0865835626062443
    ],
    "test_acc": [
      12.08,
      12.53,
      16.1,
      17.09,
      20.51
    ]
  }
}