{
  "config": {
    "run_name": "exp1_4_L32_K32",
    "out_dir": "./results",
    "seed": 42,
    "device": null,
    "bs_train": 50,
    "bs_test": 12,
    "batches": 10,
    "epochs": 15,
    "early_stopping": 5,
    "checkpoints": null,
    "lr": 0.0001,
    "reg": 0.0005,
    "filters_per_layer": [
      32
    ],
    "layers_per_block": 32,
    "pool_every": 8,
    "hidden_dims": [
      100
    ],
    "model_type": "resnet",
    "kw": {
      "activation_type": "lrelu",
      "activation_params": {
        "negative_slope": 0.1
      },
      "pooling_type": "max",
      "pooling_params": {
        "kernel_size": 2
      },
      "dropout": 0.2,
      "batchnorm": true,
      "bottleneck": true
    }
  },
  "results": {
    "num_epochs": 15,
    "train_loss": [
      2.1896589404344557,
      1.9958033282756806,
      1.8419286798238754,
      1.737166729927063,
      1.647715151309967,
      1.5844880641698837,
      1.529400250673294,
      1.4767420511245728,
      1.418313356399536,
      1.3726447919607163,
      1.3227248784303665,
      1.2753606590628623,
      1.229056042790413,
      1.1905988871455193,
      1.1564390207529067
    ],
    "train_acc": [
      17.276,
      25.306,
      31.238,
      35.958,
      39.014,
      41.604,
      43.642,
      46.236,
      48.328,
      50.262,
      52.328,
      54.572,
      55.93,
      57.568,
      59.034
    ],
    "test_loss": [
      2.3157984259888993,
      1.963750362539177,
      1.7625050539021299,
      1.6353866921054374,
      1.5215502422061755,
      1.473822343692505,
      1.388329857330528,
      1.3357638006301806,
      1.3083847378083555,
      1.2782290492483752,
      1.1781785717899564,
      1.132982361802666,
      1.1077594613428596,
      1.0569810406338396,
      1.0318557839992522
    ],
    "test_acc": [
      14.51,
      26.98,
      34.09,
      38.47,
      43.48,
      45.12,
      48.58,
      51.19,
      52.06,
      53.79,
      57.62,
      59.98,
      60.57,
      62.69,
      63.63
    ]
  }
}