{
  "config": {
    "run_name": "exp1_4_L8_K64-128-256",
    "out_dir": "./results",
    "seed": 42,
    "device": null,
    "bs_train": 50,
    "bs_test": 12,
    "batches": 10,
    "epochs": 15,
    "early_stopping": 5,
    "checkpoints": null,
    "lr": 0.001,
    "reg": 0.001,
    "filters_per_layer": [
      64,
      128,
      256
    ],
    "layers_per_block": 8,
    "pool_every": 6,
    "hidden_dims": [
      100,
      100
    ],
    "model_type": "resnet",
    "kw": {
      "activation_type": "lrelu",
      "activation_params": {
        "negative_slope": 0.1
      },
      "pooling_type": "max",
      "pooling_params": {
        "kernel_size": 2
      },
      "dropout": 0.2,
      "batchnorm": true
    }
  },
  "results": {
    "num_epochs": 15,
    "train_loss": [
      1.8240321539640427,
      1.5331690174341202,
      1.3598831321001053,
      1.180808918774128,
      1.0428784849643706,
      0.9491592428684235,
      0.8721577674746513,
      0.8151359128355979,
      0.7675871287286281,
      0.7224026258587837,
      0.6867050881683826,
      0.656545270293951,
      0.6210974356234074,
      0.5952060526162386,
      0.5696334259063005
    ],
    "train_acc": [
      33.11,
      44.436,
      51.986,
      58.88,
      64.226,
      67.608,
      70.15,
      72.332,
      74.3,
      75.734,
      77.272,
      78.21,
      79.39,
      80.126,
      81.008
    ],
    "test_loss": [
      1.5987815719714267,
      1.3934310494566993,
      1.1752889944995335,
      1.0859432650341405,
      0.9359311287244447,
      0.8538903541934433,
      0.8462946944171005,
      0.8068169096944858,
      0.7180794902297732,
      0.7143406103045749,
      0.6857277527630187,
      0.7068230940556105,
      0.6895374994037106,
      0.6882276441231906,
      0.6515623824938918
    ],
    "test_acc": [
      40.08,
      48.17,
      57.09,
      61.16,
      66.72,
      70.12,
      70.86,
      72.28,
      75.24,
      75.09,
      76.64,
      76.74,
      76.87,
      76.95,
      78.82
    ]
  }
}