{
  "config": {
    "run_name": "exp1_4_L4_K64-128-256",
    "out_dir": "./results",
    "seed": 42,
    "device": null,
    "bs_train": 50,
    "bs_test": 12,
    "batches": 10,
    "epochs": 15,
    "early_stopping": 5,
    "checkpoints": null,
    "lr": 0.001,
    "reg": 0.001,
    "filters_per_layer": [
      64,
      128,
      256
    ],
    "layers_per_block": 4,
    "pool_every": 6,
    "hidden_dims": [
      100,
      100
    ],
    "model_type": "resnet",
    "kw": {
      "activation_type": "lrelu",
      "activation_params": {
        "negative_slope": 0.1
      },
      "pooling_type": "max",
      "pooling_params": {
        "kernel_size": 2
      },
      "dropout": 0.2,
      "batchnorm": true
    }
  },
  "results": {
    "num_epochs": 15,
    "train_loss": [
      1.7032053406238556,
      1.3986392248868942,
      1.2317512204647065,
      1.08558641654253,
      0.9707390581965446,
      0.878040676355362,
      0.7994332485795022,
      0.7355043465197086,
      0.6756061219573021,
      0.6266081919670105,
      0.576767559543252,
      0.5287808512151241,
      0.48598631489276883,
      0.439873557895422,
      0.40025991210341455
    ],
    "train_acc": [
      39.082,
      51.046,
      57.76,
      63.194,
      67.416,
      70.6,
      73.368,
      75.556,
      77.66,
      79.308,
      81.36,
      82.8,
      84.278,
      85.886,
      87.618
    ],
    "test_loss": [
      1.4158677480203643,
      1.2982503802513332,
      1.147485877862937,
      1.0528422066990992,
      0.9942797140466223,
      0.9533298690613511,
      0.8699556935212309,
      0.9246506555189046,
      0.8826770117490751,
      0.8881712173886722,
      0.9032275208184938,
      0.937722355049166,
      0.9255586104329041,
      0.9677139211276309,
      0.997465435067098
    ],
    "test_acc": [
      49.46,
      53.52,
      59.67,
      63.24,
      66.05,
      67.6,
      70.36,
      70.47,
      71.04,
      71.26,
      72.25,
      71.9,
      72.0,
      72.15,
      72.31
    ]
  }
}