{
  "config": {
    "run_name": "exp1_2_L4_K64",
    "out_dir": "./results",
    "seed": 42,
    "device": null,
    "bs_train": 50,
    "bs_test": 12,
    "batches": 10,
    "epochs": 10,
    "early_stopping": 5,
    "checkpoints": null,
    "lr": 0.001,
    "reg": 0.0005,
    "filters_per_layer": [
      64
    ],
    "layers_per_block": 4,
    "pool_every": 2,
    "hidden_dims": [
      100
    ],
    "model_type": "cnn",
    "kw": {
      "activation_type": "lrelu",
      "activation_params": {
        "negative_slope": 0.1
      },
      "pooling_type": "max",
      "pooling_params": {
        "kernel_size": 2
      },
      "conv_params": {
        "kernel_size": 3,
        "padding": 1,
        "stride": 1
      }
    }
  },
  "results": {
    "num_epochs": 10,
    "train_loss": [
      1.3352804218530654,
      0.8218934078216553,
      0.6281431325078011,
      0.49436752708256243,
      0.3782219422236085,
      0.28796314279735086,
      0.22060593352653085,
      0.1798454562528059,
      0.14922429194720463,
      0.1267749960590154
    ],
    "train_acc": [
      54.094,
      73.94,
      80.976,
      86.15,
      90.392,
      93.642,
      96.05,
      97.348,
      98.182,
      98.786
    ],
    "test_loss": [
      0.9603676210275943,
      0.793956271491105,
      0.7062081276981843,
      0.6997751267649216,
      0.7786334038587015,
      0.8077190939551421,
      0.9150668966965817,
      1.1168213346037132,
      1.0808870238321777,
      1.2641026603604428
    ],
    "test_acc": [
      66.18,
      72.51,
      76.09,
      76.32,
      76.38,
      76.8,
      76.56,
      75.7,
      77.0,
      75.94
    ]
  }
}