{
  "config": {
    "run_name": "exp1_2_L2_K128",
    "out_dir": "./results",
    "seed": 42,
    "device": null,
    "bs_train": 50,
    "bs_test": 12,
    "batches": 10,
    "epochs": 10,
    "early_stopping": 5,
    "checkpoints": null,
    "lr": 0.001,
    "reg": 0.0005,
    "filters_per_layer": [
      128
    ],
    "layers_per_block": 2,
    "pool_every": 2,
    "hidden_dims": [
      100
    ],
    "model_type": "cnn",
    "kw": {
      "activation_type": "lrelu",
      "activation_params": {
        "negative_slope": 0.1
      },
      "pooling_type": "max",
      "pooling_params": {
        "kernel_size": 2
      },
      "conv_params": {
        "kernel_size": 3,
        "padding": 1,
        "stride": 1
      }
    }
  },
  "results": {
    "num_epochs": 10,
    "train_loss": [
      1.2890884222388268,
      0.8673436990380288,
      0.6570516304075718,
      0.4764467128366232,
      0.3107363774776459,
      0.20051834886148573,
      0.14647101267892867,
      0.12481397877028212,
      0.09847112723160535,
      0.09701037734246347
    ],
    "train_acc": [
      56.97,
      72.758,
      81.004,
      88.17,
      93.726,
      97.23,
      98.568,
      99.07,
      99.436,
      99.488
    ],
    "test_loss": [
      1.026838912559356,
      0.9305529103790827,
      0.9264184037576334,
      0.9940040131731571,
      1.0683366615075074,
      1.3844425004574177,
      1.5584408380370365,
      1.68109631251345,
      1.7622430527189687,
      2.0801710974943224
    ],
    "test_acc": [
      63.49,
      66.91,
      69.05,
      69.58,
      69.26,
      70.03,
      68.82,
      69.81,
      68.69,
      68.09
    ]
  }
}