{
  "config": {
    "run_name": "exp1_2_L2_K32",
    "out_dir": "./results",
    "seed": 42,
    "device": null,
    "bs_train": 50,
    "bs_test": 12,
    "batches": 10,
    "epochs": 10,
    "early_stopping": 5,
    "checkpoints": null,
    "lr": 0.001,
    "reg": 0.0005,
    "filters_per_layer": [
      32
    ],
    "layers_per_block": 2,
    "pool_every": 2,
    "hidden_dims": [
      100
    ],
    "model_type": "cnn",
    "kw": {
      "activation_type": "lrelu",
      "activation_params": {
        "negative_slope": 0.1
      },
      "pooling_type": "max",
      "pooling_params": {
        "kernel_size": 2
      },
      "conv_params": {
        "kernel_size": 3,
        "padding": 1,
        "stride": 1
      }
    }
  },
  "results": {
    "num_epochs": 9,
    "train_loss": [
      1.3554211532473563,
      0.9476317296028137,
      0.7656520686745644,
      0.619230313450098,
      0.4765478699058294,
      0.34941478275507687,
      0.2479834289290011,
      0.17340634702518581,
      0.1288859810642898
    ],
    "train_acc": [
      53.416,
      68.792,
      75.62,
      81.18,
      86.614,
      91.326,
      94.87,
      97.252,
      98.416
    ],
    "test_loss": [
      1.0662163463499335,
      0.9590785942203421,
      0.9139753344694345,
      0.9220765264753958,
      1.0091952038995868,
      1.1461336708223397,
      1.2240553013656548,
      1.4633796017380247,
      1.603109380094071
    ],
    "test_acc": [
      62.14,
      66.34,
      68.13,
      68.97,
      68.83,
      67.68,
      68.2,
      67.86,
      67.28
    ]
  }
}