{
  "config": {
    "run_name": "exp1_2_L4_K32",
    "out_dir": "./results",
    "seed": 42,
    "device": null,
    "bs_train": 50,
    "bs_test": 12,
    "batches": 10,
    "epochs": 10,
    "early_stopping": 5,
    "checkpoints": null,
    "lr": 0.001,
    "reg": 0.0005,
    "filters_per_layer": [
      32
    ],
    "layers_per_block": 4,
    "pool_every": 2,
    "hidden_dims": [
      100
    ],
    "model_type": "cnn",
    "kw": {
      "activation_type": "lrelu",
      "activation_params": {
        "negative_slope": 0.1
      },
      "pooling_type": "max",
      "pooling_params": {
        "kernel_size": 2
      },
      "conv_params": {
        "kernel_size": 3,
        "padding": 1,
        "stride": 1
      }
    }
  },
  "results": {
    "num_epochs": 10,
    "train_loss": [
      1.4681132566928863,
      0.9945968174338341,
      0.7942882778644562,
      0.6570912838876247,
      0.5549316044300795,
      0.46403725950419905,
      0.38469146041572094,
      0.3192569540850818,
      0.25980959231406453,
      0.21293391259759664
    ],
    "train_acc": [
      48.652,
      66.676,
      74.394,
      79.198,
      83.06,
      86.424,
      89.662,
      91.82,
      93.964,
      95.704
    ],
    "test_loss": [
      1.1494144362439926,
      0.943492693652352,
      0.804304182261443,
      0.7788710189130095,
      0.7568548272723417,
      0.8127347143809144,
      0.8778081874673566,
      0.9224558836094838,
      0.980594854212279,
      1.1170267945359855
    ],
    "test_acc": [
      59.51,
      66.95,
      71.87,
      72.96,
      74.24,
      73.71,
      72.76,
      74.39,
      73.42,
      73.28
    ]
  }
}