{
  "config": {
    "run_name": "exp1_2_L8_K64",
    "out_dir": "./results",
    "seed": 42,
    "device": null,
    "bs_train": 50,
    "bs_test": 12,
    "batches": 10,
    "epochs": 10,
    "early_stopping": 5,
    "checkpoints": null,
    "lr": 0.001,
    "reg": 0.0005,
    "filters_per_layer": [
      64
    ],
    "layers_per_block": 8,
    "pool_every": 2,
    "hidden_dims": [
      100
    ],
    "model_type": "cnn",
    "kw": {
      "activation_type": "lrelu",
      "activation_params": {
        "negative_slope": 0.1
      },
      "pooling_type": "max",
      "pooling_params": {
        "kernel_size": 2
      },
      "conv_params": {
        "kernel_size": 3,
        "padding": 1,
        "stride": 1
      }
    }
  },
  "results": {
    "num_epochs": 10,
    "train_loss": [
      1.6019563230872154,
      1.072414631962776,
      0.8257532437741757,
      0.6656313732266426,
      0.5706458075791597,
      0.49715906782448294,
      0.4330915135294199,
      0.38461115572601556,
      0.3446197327747941,
      0.30583129183202984
    ],
    "train_acc": [
      41.916,
      64.6,
      74.232,
      80.016,
      83.6,
      86.42,
      88.792,
      90.77,
      92.27,
      93.626
    ],
    "test_loss": [
      1.2724640079253584,
      0.9782822231273,
      0.8546208324942658,
      0.7123408501954387,
      0.6999377283386047,
      0.6445182816703899,
      0.6758141678822733,
      0.6571455110887365,
      0.6949394206668315,
      0.7639677799407313
    ],
    "test_acc": [
      54.32,
      65.32,
      71.62,
      76.07,
      76.38,
      77.91,
      77.94,
      79.21,
      78.73,
      78.36
    ]
  }
}