{
  "config": {
    "run_name": "exp1_2_L4_K128",
    "out_dir": "./results",
    "seed": 42,
    "device": null,
    "bs_train": 50,
    "bs_test": 12,
    "batches": 10,
    "epochs": 10,
    "early_stopping": 5,
    "checkpoints": null,
    "lr": 0.001,
    "reg": 0.0005,
    "filters_per_layer": [
      128
    ],
    "layers_per_block": 4,
    "pool_every": 2,
    "hidden_dims": [
      100
    ],
    "model_type": "cnn",
    "kw": {
      "activation_type": "lrelu",
      "activation_params": {
        "negative_slope": 0.1
      },
      "pooling_type": "max",
      "pooling_params": {
        "kernel_size": 2
      },
      "conv_params": {
        "kernel_size": 3,
        "padding": 1,
        "stride": 1
      }
    }
  },
  "results": {
    "num_epochs": 10,
    "train_loss": [
      1.320595177769661,
      0.7916860349476338,
      0.5780746695846319,
      0.43595937158167364,
      0.3138027119487524,
      0.23306670725904405,
      0.18349063598318024,
      0.1549741808772087,
      0.13503725816123188,
      0.12483332062186674
    ],
    "train_acc": [
      55.88,
      76.134,
      84.234,
      89.412,
      93.926,
      96.522,
      97.984,
      98.61,
      99.052,
      99.17
    ],
    "test_loss": [
      0.9684734583901559,
      0.768429845410714,
      0.6917292368944458,
      0.7587912750164632,
      0.7951140823747239,
      0.9050165483603749,
      1.039788468118882,
      1.0684874134550846,
      1.2427560235925306,
      1.2462246020929497
    ],
    "test_acc": [
      65.95,
      73.41,
      75.98,
      75.9,
      76.66,
      76.55,
      75.66,
      76.59,
      76.32,
      76.28
    ]
  }
}