{
  "config": {
    "run_name": "exp1_2_L2_K64",
    "out_dir": "./results",
    "seed": 42,
    "device": null,
    "bs_train": 50,
    "bs_test": 12,
    "batches": 10,
    "epochs": 10,
    "early_stopping": 5,
    "checkpoints": null,
    "lr": 0.001,
    "reg": 0.0005,
    "filters_per_layer": [
      64
    ],
    "layers_per_block": 2,
    "pool_every": 2,
    "hidden_dims": [
      100
    ],
    "model_type": "cnn",
    "kw": {
      "activation_type": "lrelu",
      "activation_params": {
        "negative_slope": 0.1
      },
      "pooling_type": "max",
      "pooling_params": {
        "kernel_size": 2
      },
      "conv_params": {
        "kernel_size": 3,
        "padding": 1,
        "stride": 1
      }
    }
  },
  "results": {
    "num_epochs": 9,
    "train_loss": [
      1.277045063495636,
      0.8772135164141655,
      0.6811156141161918,
      0.5025079889595508,
      0.3404478199481964,
      0.21890621111541986,
      0.15328114041499794,
      0.11686909470520913,
      0.09929781680600717
    ],
    "train_acc": [
      57.038,
      72.188,
      79.628,
      86.404,
      92.31,
      96.284,
      98.158,
      99.022,
      99.308
    ],
    "test_loss": [
      1.0209023329279692,
      0.9120382683382904,
      0.9320077284348669,
      0.9456621774648734,
      1.1022120814343883,
      1.301312647411506,
      1.5193463679859793,
      1.7075320004338423,
      1.7735172712112324
    ],
    "test_acc": [
      63.52,
      68.1,
      67.91,
      69.8,
      68.95,
      69.05,
      69.1,
      68.41,
      68.01
    ]
  }
}