{
  "config": {
    "run_name": "exp1_3_L3_K64-128",
    "out_dir": "./results",
    "seed": 42,
    "device": null,
    "bs_train": 50,
    "bs_test": 12,
    "batches": 10,
    "epochs": 10,
    "early_stopping": 5,
    "checkpoints": null,
    "lr": 0.001,
    "reg": 0.001,
    "filters_per_layer": [
      64,
      128
    ],
    "layers_per_block": 3,
    "pool_every": 2,
    "hidden_dims": [
      100,
      100
    ],
    "model_type": "cnn",
    "kw": {
      "activation_type": "lrelu",
      "activation_params": {
        "negative_slope": 0.1
      },
      "pooling_type": "max",
      "pooling_params": {
        "kernel_size": 2
      },
      "conv_params": {
        "kernel_size": 3,
        "padding": 1,
        "stride": 1
      }
    }
  },
  "results": {
    "num_epochs": 10,
    "train_loss": [
      1.5160850279927254,
      0.9041723707020283,
      0.6779050266742707,
      0.5343123394995928,
      0.4333889315277338,
      0.3479635546542704,
      0.28437580397725104,
      0.24089235537871717,
      0.20868922790046782,
      0.18033157381322235
    ],
    "train_acc": [
      46.594,
      71.734,
      80.232,
      85.38,
      89.294,
      92.392,
      94.59,
      96.076,
      97.032,
      97.826
    ],
    "test_loss": [
      1.0744396905890472,
      0.783837171892325,
      0.6873334429497056,
      0.6794909874817057,
      0.6154007560906293,
      0.6591401444703376,
      0.6863311618824469,
      0.6996057542527823,
      0.8125281317290187,
      0.775202314300983
    ],
    "test_acc": [
      62.29,
      72.5,
      76.23,
      77.42,
      79.73,
      79.5,
      79.27,
      80.71,
      79.49,
      80.2
    ]
  }
}