{
  "config": {
    "run_name": "exp1_3_L2_K64-128",
    "out_dir": "./results",
    "seed": 42,
    "device": null,
    "bs_train": 50,
    "bs_test": 12,
    "batches": 10,
    "epochs": 10,
    "early_stopping": 5,
    "checkpoints": null,
    "lr": 0.001,
    "reg": 0.001,
    "filters_per_layer": [
      64,
      128
    ],
    "layers_per_block": 2,
    "pool_every": 2,
    "hidden_dims": [
      100,
      100
    ],
    "model_type": "cnn",
    "kw": {
      "activation_type": "lrelu",
      "activation_params": {
        "negative_slope": 0.1
      },
      "pooling_type": "max",
      "pooling_params": {
        "kernel_size": 2
      },
      "conv_params": {
        "kernel_size": 3,
        "padding": 1,
        "stride": 1
      }
    }
  },
  "results": {
    "num_epochs": 10,
    "train_loss": [
      1.3237065452337264,
      0.8055840047299861,
      0.6006029504537582,
      0.4526787037551403,
      0.3364240393340588,
      0.24793523362651468,
      0.18991919478029012,
      0.15719374226313085,
      0.13182861409755423,
      0.11788684072764591
    ],
    "train_acc": [
      54.802,
      75.126,
      82.832,
      88.412,
      92.622,
      95.606,
      97.448,
      98.356,
      98.9,
      99.144
    ],
    "test_loss": [
      0.96654475862674,
      0.7508133979384705,
      0.7112847676353274,
      0.7321638982626889,
      0.7878180545681029,
      0.855053368290022,
      0.9752349402025879,
      1.131332855964218,
      1.234280438567816,
      1.234618315187587
    ],
    "test_acc": [
      65.81,
      74.43,
      75.82,
      76.19,
      76.31,
      77.58,
      75.99,
      76.68,
      76.33,
      76.21
    ]
  }
}