{
  "config": {
    "run_name": "exp1_1_L2_K64",
    "out_dir": "./results",
    "seed": 42,
    "device": null,
    "bs_train": 50,
    "bs_test": 12,
    "batches": 10,
    "epochs": 5,
    "early_stopping": 5,
    "checkpoints": null,
    "lr": 0.001,
    "reg": 0.0005,
    "filters_per_layer": [
      64
    ],
    "layers_per_block": 2,
    "pool_every": 4,
    "hidden_dims": [
      100
    ],
    "model_type": "cnn",
    "kw": {
      "activation_type": "lrelu",
      "activation_params": {
        "negative_slope": 0.1
      },
      "pooling_type": "max",
      "pooling_params": {
        "kernel_size": 2
      },
      "conv_params": {
        "kernel_size": 3,
        "padding": 1,
        "stride": 1
      }
    }
  },
  "results": {
    "num_epochs": 5,
    "train_loss": [
      1.366798713684082,
      0.9642014967501163,
      0.7227559820115567,
      0.5086369923651218,
      0.32062320240586994
    ],
    "train_acc": [
      54.39,
      69.81,
      79.402,
      87.526,
      94.0
    ],
    "test_loss": [
      1.1471832095504664,
      1.0484873962452372,
      1.0264303433112532,
      1.1292505856755255,
      1.4340234330444366
    ],
    "test_acc": [
      58.37,
      63.74,
      65.8,
      64.92,
      64.82
    ]
  }
}