{
  "config": {
    "run_name": "exp1_4_L16_K32",
    "out_dir": "./results",
    "seed": 42,
    "device": null,
    "bs_train": 50,
    "bs_test": 12,
    "batches": 10,
    "epochs": 15,
    "early_stopping": 5,
    "checkpoints": null,
    "lr": 0.0001,
    "reg": 0.0005,
    "filters_per_layer": [
      32
    ],
    "layers_per_block": 16,
    "pool_every": 8,
    "hidden_dims": [
      100
    ],
    "model_type": "resnet",
    "kw": {
      "activation_type": "lrelu",
      "activation_params": {
        "negative_slope": 0.1
      },
      "pooling_type": "max",
      "pooling_params": {
        "kernel_size": 2
      },
      "dropout": 0.2,
      "batchnorm": true,
      "bottleneck": true
    }
  },
  "results": {
    "num_epochs": 15,
    "train_loss": [
      1.8787236604690551,
      1.567654315829277,
      1.444403456032276,
      1.333482815682888,
      1.2215573908686639,
      1.1467559627294541,
      1.0849891064763069,
      1.032803839802742,
      0.9863672013282776,
      0.9507630525827407,
      0.9158800014257431,
      0.8848492944538593,
      0.856330465555191,
      0.8301820786893368,
      0.8044504319727421
    ],
    "train_acc": [
      31.866,
      43.73,
      48.75,
      53.046,
      57.144,
      60.204,
      62.25,
      63.982,
      65.854,
      67.12,
      68.204,
      69.382,
      70.596,
      71.354,
      72.352
    ],
    "test_loss": [
      1.6801769149532135,
      1.4550661525423292,
      1.3220412992744994,
      1.1857169874780755,
      1.1236489172176205,
      1.0333164779187964,
      0.9844873587218977,
      0.9844248775991319,
      0.9242197994312509,
      0.9017145170046271,
      0.8755240014595665,
      0.8743550447608641,
      0.8524929179276208,
      0.837503545799201,
      0.8053618552212378
    ],
    "test_acc": [
      39.95,
      46.85,
      52.23,
      57.59,
      60.31,
      63.16,
      64.55,
      65.46,
      67.52,
      68.47,
      69.28,
      69.7,
      70.41,
      71.39,
      72.32
    ]
  }
}