{
  "config": {
    "run_name": "exp1_4_L2_K64-128-256",
    "out_dir": "./results",
    "seed": 42,
    "device": null,
    "bs_train": 50,
    "bs_test": 12,
    "batches": 10,
    "epochs": 15,
    "early_stopping": 5,
    "checkpoints": null,
    "lr": 0.001,
    "reg": 0.001,
    "filters_per_layer": [
      64,
      128,
      256
    ],
    "layers_per_block": 2,
    "pool_every": 6,
    "hidden_dims": [
      100,
      100
    ],
    "model_type": "resnet",
    "kw": {
      "activation_type": "lrelu",
      "activation_params": {
        "negative_slope": 0.1
      },
      "pooling_type": "max",
      "pooling_params": {
        "kernel_size": 2
      },
      "dropout": 0.2,
      "batchnorm": true
    }
  },
  "results": {
    "num_epochs": 14,
    "train_loss": [
      1.6096890677213669,
      1.2705315252542495,
      1.0751982346773148,
      0.943186614304781,
      0.8357830634117126,
      0.7530507591962814,
      0.6700680803656578,
      0.5998907093852759,
      0.5446005313843488,
      0.4817261670678854,
      0.43019490531086924,
      0.3886544991135597,
      0.33978894305229185,
      0.30518976115435364
    ],
    "train_acc": [
      42.952,
      56.242,
      63.636,
      68.67,
      72.514,
      75.306,
      78.514,
      81.012,
      82.958,
      85.15,
      86.832,
      88.454,
      90.322,
      91.142
    ],
    "test_loss": [
      1.3690975920902453,
      1.1626014189182712,
      1.0782573259026884,
      1.0589735400583817,
      1.056403008260601,
      1.1005401118464178,
      1.1021840272636578,
      1.1465888988601862,
      1.1879205251340386,
      1.3211546437792498,
      1.4119827372403881,
      1.4895368397595445,
      1.645128603024091,
      1.6293287848745532
    ],
    "test_acc": [
      50.17,
      58.55,
      62.52,
      63.14,
      64.07,
      64.45,
      65.06,
      65.12,
      65.43,
      64.72,
      64.42,
      64.24,
      63.91,
      64.06
    ]
  }
}