{
  "config": {
    "run_name": "exp2_L9_K32-64-128",
    "out_dir": "./results",
    "seed": 42,
    "device": null,
    "bs_train": 50,
    "bs_test": 12,
    "batches": 10,
    "epochs": 30,
    "early_stopping": 5,
    "checkpoints": null,
    "lr": 0.001,
    "reg": 0.001,
    "filters_per_layer": [
      32,
      64,
      128
    ],
    "layers_per_block": 9,
    "pool_every": 8,
    "hidden_dims": [
      100
    ],
    "model_type": "your_cnn",
    "kw": {
      "activation_type": "lrelu",
      "activation_params": {
        "negative_slope": 0.1
      },
      "pooling_type": "max",
      "pooling_params": {
        "kernel_size": 2
      },
      "dropout": 0.1,
      "batchnorm": true,
      "bottleneck": true
    }
  },
  "results": {
    "num_epochs": 28,
    "train_loss": [
      1.6144275084733963,
      1.2282405200600623,
      1.0614665219783783,
      0.9589801896810531,
      0.8905199820995331,
      0.83036712667346,
      0.7775114619433879,
      0.7395760679244995,
      0.6932338810265064,
      0.6597514928877354,
      0.622906413987279,
      0.5988357410430908,
      0.5752317302823067,
      0.549804173246026,
      0.5327505445331335,
      0.510189369469881,
      0.49194596691429615,
      0.47287354259192943,
      0.45513884858042003,
      0.44056774060428144,
      0.42616825027018784,
      0.4089172276556492,
      0.40072947143763304,
      0.3868257584013045,
      0.37270027343183754,
      0.3606736650466919,
      0.35210103875398635,
      0.3431952368617058
    ],
    "train_acc": [
      41.624,
      56.734,
      63.164,
      67.032,
      69.406,
      71.754,
      73.846,
      75.366,
      77.196,
      78.24,
      79.264,
      80.152,
      81.254,
      82.09,
      82.81,
      83.246,
      84.106,
      84.748,
      85.146,
      85.714,
      86.124,
      86.778,
      87.13,
      87.762,
      87.924,
      88.29,
      88.57,
      88.796
    ],
    "test_loss": [
      1.2945066874476074,
      1.0473000861221937,
      0.9285207262678112,
      0.868729033076363,
      0.7974333936254755,
      0.8486311621405631,
      0.7302025618317495,
      0.7068884287574452,
      0.7211678210507444,
      0.6519333876656006,
      0.6379530552218554,
      0.6343739369975703,
      0.6457646520050663,
      0.6312971371298598,
      0.6146646863515701,
      0.5706149056898341,
      0.5877624541904657,
      0.5839627952093249,
      0.5985004405584019,
      0.5651043890972623,
      0.5798025383968275,
      0.5722254388311004,
      0.5463375653402252,
      0.5831159217827797,
      0.5674405750685664,
      0.578384060658632,
      0.5727157930301796,
      0.5843760674409384
    ],
    "test_acc": [
      53.4,
      62.7,
      68.46,
      70.81,
      73.42,
      73.03,
      76.1,
      77.96,
      77.47,
      79.21,
      80.33,
      80.38,
      80.66,
      81.0,
      81.8,
      82.76,
      82.68,
      82.98,
      83.25,
      83.73,
      83.63,
      83.89,
      84.58,
      84.37,
      84.41,
      84.38,
      84.47,
      84.48
    ]
  }
}