{
  "config": {
    "run_name": "exp2_L6_K32-64-128",
    "out_dir": "./results",
    "seed": 42,
    "device": null,
    "bs_train": 50,
    "bs_test": 12,
    "batches": 10,
    "epochs": 30,
    "early_stopping": 5,
    "checkpoints": null,
    "lr": 0.001,
    "reg": 0.001,
    "filters_per_layer": [
      32,
      64,
      128
    ],
    "layers_per_block": 6,
    "pool_every": 8,
    "hidden_dims": [
      100
    ],
    "model_type": "your_cnn",
    "kw": {
      "activation_type": "lrelu",
      "activation_params": {
        "negative_slope": 0.1
      },
      "pooling_type": "max",
      "pooling_params": {
        "kernel_size": 2
      },
      "dropout": 0.1,
      "batchnorm": true,
      "bottleneck": true
    }
  },
  "results": {
    "num_epochs": 30,
    "train_loss": [
      1.6441206551790237,
      1.277717890560627,
      1.0905728941559791,
      0.9805194407701492,
      0.9023486828804016,
      0.8341831411421299,
      0.7786638488173485,
      0.7196719650030136,
      0.6729171392321587,
      0.6329146312475205,
      0.5920937962830066,
      0.5667588952034712,
      0.5324228419065475,
      0.5052831924706698,
      0.47771225194633005,
      0.4542287472486496,
      0.43668797449022534,
      0.41765499748289586,
      0.3998175195157528,
      0.3822074252516031,
      0.3657887323498726,
      0.3500899691730738,
      0.33638725501298905,
      0.3239298563525081,
      0.30742322467267513,
      0.2984954158142209,
      0.2816047637723386,
      0.27321666933968664,
      0.2573062349110842,
      0.2537882117591798
    ],
    "train_acc": [
      39.758,
      55.16,
      62.158,
      66.49,
      69.492,
      71.602,
      74.028,
      75.73,
      77.824,
      79.15,
      80.446,
      81.48,
      82.784,
      83.536,
      84.514,
      85.454,
      86.154,
      86.666,
      87.334,
      87.772,
      88.444,
      89.092,
      89.266,
      89.762,
      90.09,
      90.62,
      91.216,
      91.606,
      91.868,
      92.034
    ],
    "test_loss": [
      1.3670467163304345,
      1.0527726011953766,
      0.9571020320924424,
      0.8485445014739351,
      0.8567468858585298,
      0.8203664200081171,
      0.7199211148455811,
      0.7067393343672335,
      0.6600886570899446,
      0.631672481159798,
      0.6464959284529643,
      0.590064371225806,
      0.5775726773073714,
      0.5618445182226686,
      0.539554720106021,
      0.5688927189951731,
      0.5530246894625719,
      0.5390129803562073,
      0.5354087473636178,
      0.5365456777610269,
      0.525922810170957,
      0.5493438910067302,
      0.5488777380714855,
      0.5164506773638377,
      0.5348840952649594,
      0.5022476985926374,
      0.5275108726913355,
      0.5468166047038301,
      0.5309862766869026,
      0.5203936751410025
    ],
    "test_acc": [
      51.74,
      63.48,
      67.62,
      71.2,
      72.54,
      73.83,
      76.28,
      77.1,
      78.95,
      80.13,
      80.01,
      81.83,
      82.73,
      83.83,
      84.49,
      84.22,
      84.33,
      84.92,
      85.0,
      85.4,
      85.42,
      85.23,
      85.46,
      86.02,
      86.02,
      86.87,
      86.51,
      86.53,
      86.61,
      86.65
    ]
  }
}