{
  "config": {
    "run_name": "exp2_L12_K32-64-128",
    "out_dir": "./results",
    "seed": 42,
    "device": null,
    "bs_train": 50,
    "bs_test": 12,
    "batches": 10,
    "epochs": 30,
    "early_stopping": 5,
    "checkpoints": null,
    "lr": 0.001,
    "reg": 0.001,
    "filters_per_layer": [
      32,
      64,
      128
    ],
    "layers_per_block": 12,
    "pool_every": 8,
    "hidden_dims": [
      100
    ],
    "model_type": "your_cnn",
    "kw": {
      "activation_type": "lrelu",
      "activation_params": {
        "negative_slope": 0.1
      },
      "pooling_type": "max",
      "pooling_params": {
        "kernel_size": 2
      },
      "dropout": 0.1,
      "batchnorm": true,
      "bottleneck": true
    }
  },
  "results": {
    "num_epochs": 30,
    "train_loss": [
      1.7104207872152328,
      1.3613547921180724,
      1.185129314303398,
      1.0597480564117432,
      0.9721740502119064,
      0.9000433519482612,
      0.8449908024072648,
      0.7894970581829548,
      0.7509243399202824,
      0.7036215817928314,
      0.6784705680906773,
      0.6484982655346394,
      0.6178517746627331,
      0.5908756147772074,
      0.5619260241687298,
      0.5481766770333052,
      0.5225651774555444,
      0.5037929226458072,
      0.4790079754143953,
      0.46103310720622537,
      0.4441223247498274,
      0.4325274759158492,
      0.412522296115756,
      0.394004435300827,
      0.3769710592404008,
      0.36824779368191957,
      0.3564763619527221,
      0.34537509573996067,
      0.3294231971651316,
      0.3141184565164149
    ],
    "train_acc": [
      37.244,
      51.316,
      58.778,
      63.156,
      66.786,
      69.37,
      71.408,
      73.532,
      74.988,
      76.352,
      77.41,
      78.828,
      79.622,
      80.42,
      81.588,
      82.392,
      83.196,
      83.832,
      84.352,
      85.046,
      85.702,
      86.168,
      86.73,
      87.448,
      88.022,
      88.276,
      88.774,
      89.08,
      89.614,
      89.94
    ],
    "test_loss": [
      1.4199622384221149,
      1.220677398520408,
      1.0474365834387944,
      0.9631797656667033,
      0.8991770239756833,
      0.868333392028364,
      0.797724862723685,
      0.7599942746730767,
      0.7582080572736349,
      0.7544809050759752,
      0.7698350377772808,
      0.7309449783903803,
      0.6837622841431511,
      0.6672650742806869,
      0.6649142484628981,
      0.6576145347771715,
      0.6689743023690694,
      0.7004620231527777,
      0.6849010393833931,
      0.635277402240362,
      0.6644204477891237,
      0.6854480540902494,
      0.645479044235173,
      0.6640423303139893,
      0.6803650551564082,
      0.6938730127648749,
      0.7176998927075375,
      0.7198900685752982,
      0.6998506452563991,
      0.7068425049578426
    ],
    "test_acc": [
      49.49,
      57.5,
      64.53,
      66.72,
      69.96,
      72.0,
      73.39,
      75.23,
      75.89,
      76.72,
      75.98,
      77.35,
      79.28,
      79.9,
      80.13,
      80.23,
      80.03,
      79.65,
      80.35,
      81.72,
      81.09,
      81.46,
      81.75,
      82.19,
      82.14,
      81.77,
      81.04,
      81.7,
      82.22,
      82.03
    ]
  }
}