{
  "config": {
    "run_name": "exp2_L3_K32-64-128",
    "out_dir": "./results",
    "seed": 42,
    "device": null,
    "bs_train": 50,
    "bs_test": 12,
    "batches": 10,
    "epochs": 30,
    "early_stopping": 5,
    "checkpoints": null,
    "lr": 0.001,
    "reg": 0.001,
    "filters_per_layer": [
      32,
      64,
      128
    ],
    "layers_per_block": 3,
    "pool_every": 8,
    "hidden_dims": [
      100
    ],
    "model_type": "your_cnn",
    "kw": {
      "activation_type": "lrelu",
      "activation_params": {
        "negative_slope": 0.1
      },
      "pooling_type": "max",
      "pooling_params": {
        "kernel_size": 2
      },
      "dropout": 0.1,
      "batchnorm": true,
      "bottleneck": true
    }
  },
  "results": {
    "num_epochs": 30,
    "train_loss": [
      1.7593674669265746,
      1.4484503061771392,
      1.2676144143342971,
      1.1493605092167853,
      1.0696735785603524,
      1.005991589307785,
      0.9587187313437462,
      0.9150878584086894,
      0.8805907078683376,
      0.8474007825553417,
      0.8152855851650238,
      0.7859000660777092,
      0.7617515412569046,
      0.7365037707090378,
      0.714526568889618,
      0.6892402868568898,
      0.6620285475850105,
      0.6466177140772342,
      0.6281703373789788,
      0.6107367029190064,
      0.5881370838284492,
      0.5749565641283989,
      0.5601931454241276,
      0.555403881907463,
      0.5308626978397369,
      0.5246241608560085,
      0.5102192806452512,
      0.49962205918133257,
      0.4934016500711441,
      0.48404733422398566
    ],
    "train_acc": [
      34.326,
      47.29,
      55.042,
      59.062,
      62.464,
      64.806,
      66.718,
      68.174,
      69.48,
      70.766,
      72.026,
      73.008,
      73.702,
      75.144,
      75.866,
      76.75,
      77.728,
      78.528,
      78.85,
      79.544,
      80.206,
      80.9,
      80.932,
      81.668,
      82.336,
      82.738,
      82.992,
      83.778,
      83.848,
      84.358
    ],
    "test_loss": [
      1.598757714747811,
      1.248441195173515,
      1.0785388707114067,
      1.0022390591655133,
      0.9233956179208607,
      0.8996360292769879,
      0.8645194132390212,
      0.8499010604955881,
      0.8536655413348684,
      0.7636001461835431,
      0.7807346621943678,
      0.7469541022790779,
      0.703389170427742,
      0.6764657163894255,
      0.6797298550967583,
      0.6650450517885762,
      0.6343711117490215,
      0.6318104402173301,
      0.7198473375510621,
      0.6132499666848807,
      0.6140992949773698,
      0.5800842121165308,
      0.5598583803774579,
      0.5653143012845929,
      0.5738236232196167,
      0.563225557172796,
      0.5348441757940703,
      0.5667740290948777,
      0.5758252220364551,
      0.5381188731455206
    ],
    "test_acc": [
      43.3,
      55.05,
      61.31,
      65.27,
      67.32,
      69.43,
      70.89,
      71.36,
      72.32,
      74.09,
      74.98,
      75.22,
      76.85,
      78.08,
      77.83,
      78.89,
      80.12,
      79.92,
      78.04,
      80.91,
      81.56,
      81.96,
      82.72,
      82.79,
      82.64,
      83.2,
      83.53,
      83.78,
      83.46,
      83.94
    ]
  }
}